{
    "name": "root",
    "gauges": {
        "Futbolito.Policy.Entropy.mean": {
            "value": 1.3569517135620117,
            "min": 1.355254888534546,
            "max": 1.418938398361206,
            "count": 41
        },
        "Futbolito.Policy.Entropy.sum": {
            "value": 15632.083984375,
            "min": 14692.234375,
            "max": 19334.455078125,
            "count": 41
        },
        "Futbolito.Environment.EpisodeLength.mean": {
            "value": 147.7,
            "min": 135.51111111111112,
            "max": 204.17241379310346,
            "count": 41
        },
        "Futbolito.Environment.EpisodeLength.sum": {
            "value": 11816.0,
            "min": 11176.0,
            "max": 13014.0,
            "count": 41
        },
        "Futbolito.Step.mean": {
            "value": 491983.0,
            "min": 11986.0,
            "max": 491983.0,
            "count": 41
        },
        "Futbolito.Step.sum": {
            "value": 491983.0,
            "min": 11986.0,
            "max": 491983.0,
            "count": 41
        },
        "Futbolito.Policy.ExtrinsicValueEstimate.mean": {
            "value": 0.3515595495700836,
            "min": -0.01046888530254364,
            "max": 0.6735314726829529,
            "count": 41
        },
        "Futbolito.Policy.ExtrinsicValueEstimate.sum": {
            "value": 28.12476348876953,
            "min": -0.9212619066238403,
            "max": 51.86192321777344,
            "count": 41
        },
        "Futbolito.Environment.CumulativeReward.mean": {
            "value": 1.4625,
            "min": 0.6329113924050633,
            "max": 2.1129032258064515,
            "count": 41
        },
        "Futbolito.Environment.CumulativeReward.sum": {
            "value": 117.0,
            "min": 50.0,
            "max": 150.0,
            "count": 41
        },
        "Futbolito.Policy.ExtrinsicReward.mean": {
            "value": 1.4625,
            "min": 0.6329113924050633,
            "max": 2.1129032258064515,
            "count": 41
        },
        "Futbolito.Policy.ExtrinsicReward.sum": {
            "value": 117.0,
            "min": 50.0,
            "max": 150.0,
            "count": 41
        },
        "Futbolito.IsTraining.mean": {
            "value": 1.0,
            "min": 1.0,
            "max": 1.0,
            "count": 41
        },
        "Futbolito.IsTraining.sum": {
            "value": 1.0,
            "min": 1.0,
            "max": 1.0,
            "count": 41
        },
        "Futbolito.Losses.PolicyLoss.mean": {
            "value": 0.09863166050979563,
            "min": 0.09231274135004242,
            "max": 0.10490767085144101,
            "count": 40
        },
        "Futbolito.Losses.PolicyLoss.sum": {
            "value": 0.09863166050979563,
            "min": 0.09231274135004242,
            "max": 0.10490767085144101,
            "count": 40
        },
        "Futbolito.Losses.ValueLoss.mean": {
            "value": 1.260615737650407,
            "min": 0.5184106937447154,
            "max": 1.2751235309175588,
            "count": 40
        },
        "Futbolito.Losses.ValueLoss.sum": {
            "value": 1.260615737650407,
            "min": 0.5184106937447154,
            "max": 1.2751235309175588,
            "count": 40
        },
        "Futbolito.Policy.LearningRate.mean": {
            "value": 6.54969781679999e-06,
            "min": 6.54969781679999e-06,
            "max": 0.00029262840245719996,
            "count": 40
        },
        "Futbolito.Policy.LearningRate.sum": {
            "value": 6.54969781679999e-06,
            "min": 6.54969781679999e-06,
            "max": 0.00029262840245719996,
            "count": 40
        },
        "Futbolito.Policy.Epsilon.mean": {
            "value": 0.10218320000000002,
            "min": 0.10218320000000002,
            "max": 0.19754280000000002,
            "count": 40
        },
        "Futbolito.Policy.Epsilon.sum": {
            "value": 0.10218320000000002,
            "min": 0.10218320000000002,
            "max": 0.19754280000000002,
            "count": 40
        },
        "Futbolito.Policy.Beta.mean": {
            "value": 3.161367999999996e-05,
            "min": 3.161367999999996e-05,
            "max": 0.0009756737200000002,
            "count": 40
        },
        "Futbolito.Policy.Beta.sum": {
            "value": 3.161367999999996e-05,
            "min": 3.161367999999996e-05,
            "max": 0.0009756737200000002,
            "count": 40
        }
    },
    "metadata": {
        "timer_format_version": "0.1.0",
        "start_time_seconds": "1644002299",
        "python_version": "3.6.2 |Anaconda, Inc.| (default, Oct  5 2017, 03:00:07) \n[GCC 4.2.1 Compatible Clang 4.0.1 (tags/RELEASE_401/final)]",
        "command_line_arguments": "/opt/anaconda3/envs/pythonAmbient/bin/mlagents-learn Config/PPO/Futbolito.yaml --run-id=FutbolitoV1",
        "mlagents_version": "0.28.0",
        "mlagents_envs_version": "0.28.0",
        "communication_protocol_version": "1.5.0",
        "pytorch_version": "1.7.1",
        "numpy_version": "1.19.5",
        "end_time_seconds": "1644002825"
    },
    "total": 525.9934219590004,
    "count": 1,
    "self": 0.006033793000824517,
    "children": {
        "run_training.setup": {
            "total": 0.015676332999646547,
            "count": 1,
            "self": 0.015676332999646547
        },
        "TrainerController.start_learning": {
            "total": 525.971711833,
            "count": 1,
            "self": 0.4062917610176555,
            "children": {
                "TrainerController._reset_env": {
                    "total": 8.216261416999714,
                    "count": 1,
                    "self": 8.216261416999714
                },
                "TrainerController.advance": {
                    "total": 517.304300987983,
                    "count": 28968,
                    "self": 0.35364223994520216,
                    "children": {
                        "env_step": {
                            "total": 340.3622149369626,
                            "count": 28968,
                            "self": 308.1787244030338,
                            "children": {
                                "SubprocessEnvManager._take_step": {
                                    "total": 31.918815028992867,
                                    "count": 28968,
                                    "self": 1.12379238299809,
                                    "children": {
                                        "TorchPolicy.evaluate": {
                                            "total": 30.795022645994777,
                                            "count": 27887,
                                            "self": 6.070183093987453,
                                            "children": {
                                                "TorchPolicy.sample_actions": {
                                                    "total": 24.724839552007325,
                                                    "count": 27887,
                                                    "self": 24.724839552007325
                                                }
                                            }
                                        }
                                    }
                                },
                                "workers": {
                                    "total": 0.2646755049358944,
                                    "count": 28968,
                                    "self": 0.0,
                                    "children": {
                                        "worker_root": {
                                            "total": 525.243019788014,
                                            "count": 28968,
                                            "is_parallel": true,